second	Volt	unc_seconds	unc_Volt
5.207532499999e-06	0.031196	7.811298749998499e-08	0.00046794
1.0415865e-05	0.0582111	1.5623797500000001e-07	0.0008731665
1.56241975e-05	0.0842613	2.3436296250000002e-07	0.0012639195
2.083253e-05	0.108704	3.1248795e-07	0.0016305599999999
2.60408625e-05	0.133146	3.906129375e-07	0.00199719
3.1249195e-05	0.15598	4.6873792500000004e-07	0.0023397
3.64575275e-05	0.178814	5.468629125e-07	0.00268221
4.166586e-05	0.201327	6.249879e-07	0.003019905
4.68741925e-05	0.222231	7.031128875e-07	0.003333465
5.2082525e-05	0.243779	7.81237875e-07	0.003656685
5.72908575e-05	0.263075	8.593628624999999e-07	0.003946125
6.249919e-05	0.28205	9.3748785e-07	0.00423075
6.77075225e-05	0.30006	1.0156128375e-06	0.0045008999999999
7.2915855e-05	0.317749	1.093737825e-06	0.004766235
7.81241875e-05	0.334151	1.1718628125e-06	0.0050122649999999
8.333252e-05	0.349266	1.2499878e-06	0.00523899
8.85408525e-05	0.36406	1.3281127875e-06	0.0054608999999999
9.3749185e-05	0.377246	1.406237775e-06	0.00565869
9.89575175e-05	0.390111	1.4843627625e-06	0.005851665
0.00010416585	0.401688	1.56248775e-06	0.00602532
0.0001093741825	0.41198	1.6406127375e-06	0.0061797
0.000114582515	0.421628	1.718737725e-06	0.00632442
0.0001197908475	0.429668	1.7968627125e-06	0.00644502
0.00012499918	0.437387	1.8749877e-06	0.006560805
0.0001302075125	0.443819	1.9531126875e-06	0.006657285
0.000135415845	0.449608	2.031237675e-06	0.00674412
0.0001406241775	0.453789	2.1093626625e-06	0.006806835
0.00014583251	0.456362	2.18748765e-06	0.00684543
0.0001510408425	0.458613	2.2656126375e-06	0.0068791949999999
0.000156249175	0.459256	2.343737625e-06	0.0068888399999999
0.0001614575075	0.459578	2.4218626125e-06	0.0068936699999999
0.00016666584	0.45797	2.4999876e-06	0.0068695499999999
0.0001718741725	0.455719	2.5781125875e-06	0.006835785
0.000177082505	0.452181	2.656237575e-06	0.006782715
0.0001822908375	0.447678	2.7343625625e-06	0.00671517
0.00018749917	0.442211	2.81248755e-06	0.006633165
0.0001927075025	0.435136	2.8906125375e-06	0.00652704
0.000197915835	0.42806	2.968737525e-06	0.0064208999999999
0.0002031241675	0.419377	3.0468625125e-06	0.006290655
0.0002083325	0.41005	3.1249875e-06	0.00615075
0.0002135408325	0.399759	3.2031124875e-06	0.0059963849999999
0.000218749165	0.388503	3.281237475e-06	0.005827545
0.0002239574975	0.376281	3.3593624625e-06	0.0056442149999999
0.00022916583	0.363417	3.43748745e-06	0.0054512549999999
0.0002343741625	0.349588	3.5156124375e-06	0.00524382
0.000239582495	0.335437	3.593737425e-06	0.0050315549999999
0.0002447908275	0.32	3.6718624125e-06	0.0048
0.00024999916	0.303598	3.7499874e-06	0.0045539699999999
0.0002552074925	0.287196	3.8281123875e-06	0.00430794
0.000260415825	0.269829	3.906237375e-06	0.0040474349999999
0.0002656241575	0.252141	3.9843623625e-06	0.003782115
0.00027083249	0.233809	4.06248735e-06	0.0035071349999999
0.0002760408225	0.215477	4.140612337499999e-06	0.003232155
0.000281249155	0.195538	4.218737325e-06	0.00293307
0.0002864574875	0.176241	4.2968623125e-06	0.002643615
0.00029166582	0.156301	4.3749873e-06	0.0023445149999999
0.0002968741525	0.13604	4.4531122875e-06	0.0020406
0.000302082485	0.115779	4.5312372750000006e-06	0.001736685
0.0003072908175	0.0945528	4.609362262499999e-06	0.001418292
0.00031249915	0.0736482	4.68748725e-06	0.001104723
0.0003177074825	0.0530653	4.7656122375e-06	0.0007959795
0.000322915815	0.0318392	4.843737225e-06	0.0004775879999999
0.0003281241475	0.0118995	4.9218622125e-06	0.0001784925
0.00033333248	-0.00836181	4.9999872e-06	0.00012542715
0.0003385408125	-0.0286231	5.078112187499999e-06	0.0004293464999999
0.000343749145	-0.0488844	5.156237175e-06	0.000733266
0.0003489574775	-0.0691457	5.234362162499999e-06	0.0010371855
0.00035416581	-0.0897286	5.31248715e-06	0.001345929
0.0003593741425	-0.109347	5.3906121375e-06	0.0016402049999999
0.000364582475	-0.128322	5.468737125e-06	0.0019248299999999
0.0003697908075	-0.147296	5.5468621125e-06	0.00220944
0.00037499914	-0.16595	5.6249871e-06	0.0024892499999999
0.0003802074725	-0.184603	5.703112087499999e-06	0.002769045
0.000385415805	-0.20197	5.781237075e-06	0.00302955
0.0003906241375	-0.219015	5.8593620625e-06	0.0032852249999999
0.00039583247	-0.234774	5.93748705e-06	0.00352161
0.0004010408025	-0.250533	6.0156120375e-06	0.003757995
0.000406249135	-0.265648	6.093737025e-06	0.00398472
0.0004114574675	-0.279799	6.171862012499999e-06	0.004196985
0.0004166658	-0.293628	6.249987e-06	0.00440442
0.0004218741325	-0.306492	6.328111987499999e-06	0.00459738
0.000427082465	-0.318714	6.406236975e-06	0.00478071
0.0004322907975	-0.329648	6.4843619625e-06	0.00494472
0.00043749913	-0.340583	6.56248695e-06	0.005108745
0.0004427074625	-0.350231	6.6406119375e-06	0.005253465
0.000447915795	-0.358915	6.718736925e-06	0.005383725
0.0004531241275	-0.366633	6.796861912499999e-06	0.0054994949999999
0.00045833246	-0.37403	6.8749869e-06	0.0056104499999999
0.0004635407925	-0.380141	6.9531118875e-06	0.005702115
0.000468749125	-0.385608	7.031236875e-06	0.00578412
0.0004739574575	-0.390111	7.1093618625e-06	0.005851665
0.00047916579	-0.393327	7.18748685e-06	0.0058999049999999
0.0004843741225	-0.396221	7.265611837499999e-06	0.0059433149999999
0.000489582455	-0.398151	7.343736825000001e-06	0.0059722649999999
0.0004947907875	-0.398794	7.4218618125e-06	0.0059819099999999
0.00049999912	-0.398472	7.499986799999999e-06	0.00597708
0.0005052074525	-0.397508	7.578111787499999e-06	0.0059626199999999
0.000510415785	-0.395256	7.656236775e-06	0.0059288399999999
0.0005156241175	-0.392683	7.7343617625e-06	0.005890245
0.00052083245	-0.388503	7.812486749999999e-06	0.005827545
0.0005260407825	-0.383678	7.8906117375e-06	0.00575517
0.000531249115	-0.378533	7.968736725e-06	0.005677995
0.0005364574475	-0.372422	8.0468617125e-06	0.00558633
0.00054166578	-0.365025	8.1249867e-06	0.0054753749999999
0.0005468741125	-0.356985	8.2031116875e-06	0.005354775
0.000552082445	-0.348623	8.281236675e-06	0.005229345
0.0005572907775	-0.338975	8.359361662500001e-06	0.005084625
0.00056249911	-0.328683	8.43748665e-06	0.004930245
0.0005677074425	-0.31807	8.5156116375e-06	0.00477105
0.000572915775	-0.306492	8.593736625e-06	0.00459738
0.0005781241075	-0.29395	8.6718616125e-06	0.00440925
0.00058333244	-0.281407	8.749986599999999e-06	0.004221105
0.0005885407725	-0.267899	8.828111587499998e-06	0.004018485
0.000593749105	-0.25407	8.906236575e-06	0.00381105
0.0005989574375	-0.239598	8.9843615625e-06	0.00359397
0.00060416577	-0.225126	9.06248655e-06	0.0033768899999999
0.0006093741025	-0.209688	9.1406115375e-06	0.00314532
0.000614582435	-0.19393	9.218736525e-06	0.0029089499999999
0.0006197907675	-0.177528	9.2968615125e-06	0.0026629199999999
0.0006249991	-0.160804	9.3749865e-06	0.00241206
0.0006302074325	-0.14408	9.4531114875e-06	0.0021612
0.000635415765	-0.127035	9.531236475e-06	0.001905525
0.0006406240975	-0.110312	9.6093614625e-06	0.0016546799999999
0.00064583243	-0.0926231	9.68748645e-06	0.0013893465
0.0006510407625	-0.0752563	9.765611437499998e-06	0.0011288445
0.000656249095	-0.0578894	9.843736425e-06	0.000868341
0.0006614574275	-0.040201	9.9218614125e-06	0.000603015
0.00066666576	-0.0228342	9.9999864e-06	0.0003425129999999
0.0006718740925	-0.00546734	1.00781113875e-05	8.20101e-05
0.000677082425	0.0106131	1.0156236375e-05	0.0001591965
0.0006822907575	0.0273367	1.02343613625e-05	0.0004100505
0.00068749909	0.0453467	1.031248635e-05	0.0006802004999999
0.0006927074225	0.0617487	1.03906113375e-05	0.0009262305
0.000697915755	0.0781507	1.0468736325e-05	0.0011722605
0.0007031240875	0.0945528	1.05468613125e-05	0.001418292
0.00070833242	0.110633	1.06249863e-05	0.0016594949999999
0.0007135407525	0.12607	1.07031112875e-05	0.0018910499999999
0.000718749085	0.141186	1.0781236275e-05	0.00211779
0.0007239574175	0.15598	1.08593612625e-05	0.0023397
0.00072916575	0.170131	1.093748625e-05	0.002551965
0.0007343740825	0.184281	1.10156112375e-05	0.002764215
0.000739582415	0.197789	1.1093736225e-05	0.0029668349999999
0.0007447907475	0.210332	1.11718612125e-05	0.00315498
0.00074999908	0.222553	1.12499862e-05	0.003338295
0.0007552074125	0.234131	1.13281111875e-05	0.003511965
0.000760415745	0.245065	1.1406236175e-05	0.0036759749999999
0.0007656240775	0.255357	1.14843611625e-05	0.0038303549999999
0.00077083241	0.264683	1.156248615e-05	0.003970245
0.0007760407425	0.273688	1.16406111375e-05	0.00410532
0.000781249075	0.281407	1.1718736125e-05	0.004221105
0.0007864574075	0.288804	1.17968611125e-05	0.0043320599999999
0.00079166574	0.295236	1.18749861e-05	0.00442854
0.0007968740725	0.301347	1.19531110875e-05	0.0045202049999999
0.000802082405	0.306814	1.2031236075e-05	0.00460221
0.0008072907375	0.311638	1.21093610625e-05	0.00467457
0.00081249907	0.315176	1.218748605e-05	0.00472764
0.0008177074025	0.318392	1.22656110375e-05	0.00477588
0.000822915735	0.320322	1.2343736025e-05	0.0048048299999999
0.0008281240675	0.32193	1.24218610125e-05	0.0048289499999999
0.0008333324	0.322251	1.2499986e-05	0.004833765
0.0008385407325	0.32193	1.25781109875e-05	0.0048289499999999
0.000843749065	0.321608	1.2656235975e-05	0.00482412
0.0008489573975	0.319357	1.27343609625e-05	0.004790355
0.00085416573	0.317106	1.281248595e-05	0.00475659
0.0008593740625	0.313568	1.28906109375e-05	0.00470352
0.000864582395	0.309709	1.2968735925e-05	0.004645635
0.0008697907275	0.304563	1.30468609125e-05	0.0045684449999999
0.00087499906	0.299417	1.31249859e-05	0.0044912549999999
0.0008802073925	0.293307	1.32031108875e-05	0.004399605
0.000885415725	0.286874	1.3281235875e-05	0.00430311
0.0008906240575	0.279156	1.33593608625e-05	0.00418734
0.00089583239	0.271116	1.343748585e-05	0.00406674
0.0009010407225	0.262754	1.35156108375e-05	0.00394131
0.000906249055	0.253106	1.3593735825e-05	0.00379659
0.0009114573875	0.243779	1.36718608125e-05	0.003656685
0.00091666572	0.232844	1.37499858e-05	0.00349266
0.0009218740525	0.22191	1.38281107875e-05	0.00332865
0.000927082385	0.210653	1.3906235774999998e-05	0.003159795
0.0009322907175	0.199075	1.39843607625e-05	0.002986125
0.00093749905	0.186211	1.406248575e-05	0.002793165
0.0009427073825	0.173668	1.41406107375e-05	0.0026050199999999
0.000947915715	0.161126	1.4218735725e-05	0.0024168899999999
0.0009531240475	0.147296	1.42968607125e-05	0.00220944
0.00095833238	0.133467	1.43749857e-05	0.002002005
0.0009635407125	0.119638	1.44531106875e-05	0.0017945699999999
0.000968749045	0.105809	1.4531235675e-05	0.001587135
0.0009739573775	0.0910151	1.46093606625e-05	0.0013652265
0.00097916571	0.0765427	1.468748565e-05	0.0011481405
0.0009843740425	0.0620704	1.47656106375e-05	0.000931056
0.000989582375	0.0472764	1.4843735624999998e-05	0.000709146
0.0009947907075	0.0324824	1.49218606125e-05	0.000487236
0.00099999904	0.0180101	1.49999856e-05	0.0002701515
0.0010052073725	0.00321608	1.50781105875e-05	4.82412e-05
0.001010415705	-0.0109347	1.5156235575e-05	0.0001640205
0.0010156240375	-0.0247638	1.52343605625e-05	0.0003714569999999
0.00102083237	-0.0395578	1.531248555e-05	0.0005933669999999
0.0010260407025	-0.0537085	1.53906105375e-05	0.0008056275
0.001031249035	-0.0678593	1.5468735524999998e-05	0.0010178894999999
0.0010364573675	-0.0823317	1.55468605125e-05	0.0012349754999999
0.0010416657	-0.0958392	1.56249855e-05	0.0014375879999999
0.0010468740325	-0.109347	1.57031104875e-05	0.0016402049999999
0.001052082365	-0.122211	1.5781235475e-05	0.0018331649999999
0.0010572906975	-0.135075	1.58593604625e-05	0.002026125
0.00106249903	-0.147296	1.593748545e-05	0.00220944
0.0010677073625	-0.159839	1.6015610437500002e-05	0.002397585
0.001072915695	-0.171095	1.6093735425e-05	0.0025664249999999
0.0010781240275	-0.182673	1.61718604125e-05	0.002740095
0.00108333236	-0.193608	1.62499854e-05	0.00290412
0.0010885406925	-0.203256	1.63281103875e-05	0.0030488399999999
0.001093749025	-0.212905	1.6406235375e-05	0.003193575
0.0010989573575	-0.221588	1.64843603625e-05	0.00332382
0.00110416569	-0.230271	1.656248535e-05	0.003454065
0.0011093740225	-0.238633	1.66406103375e-05	0.003579495
0.001114582355	-0.245709	1.6718735324999998e-05	0.003685635
0.0011197906875	-0.252141	1.6796860312499998e-05	0.003782115
0.00112499902	-0.258251	1.6874985299999997e-05	0.003873765
0.0011302073525	-0.264362	1.6953110287499997e-05	0.00396543
0.001135415685	-0.268864	1.7031235275e-05	0.0040329599999999
0.0011406240175	-0.273367	1.71093602625e-05	0.004100505
0.00114583235	-0.277226	1.718748525e-05	0.00415839
0.0011510406825	-0.280121	1.72656102375e-05	0.004201815
0.001156249015	-0.282693	1.7343735224999998e-05	0.004240395
0.0011614573475	-0.284302	1.7421860212499998e-05	0.00426453
0.00116666568	-0.28591	1.74999852e-05	0.00428865
0.0011718740125	-0.286231	1.75781101875e-05	0.004293465
0.001177082345	-0.285266	1.7656235175e-05	0.00427899
0.0011822906775	-0.285266	1.77343601625e-05	0.00427899
0.00118749901	-0.283015	1.781248515e-05	0.004245225
0.0011927073425	-0.280764	1.78906101375e-05	0.00421146
0.001197915675	-0.278513	1.7968735125e-05	0.004177695
0.0012031240075	-0.274653	1.80468601125e-05	0.004119795
0.00120833234	-0.270794	1.81249851e-05	0.0040619099999999
0.0012135406725	-0.26597	1.82031100875e-05	0.00398955
0.001218749005	-0.261146	1.8281235075e-05	0.00391719
0.0012239573375	-0.255678	1.83593600625e-05	0.00383517
0.00122916567	-0.248925	1.843748505e-05	0.0037338749999999
0.0012343740025	-0.241849	1.85156100375e-05	0.003627735
0.001239582335	-0.234774	1.8593735025e-05	0.00352161
0.0012447906675	-0.226734	1.86718600125e-05	0.00340101
0.001249999	-0.218693	1.8749985e-05	0.0032803949999999
0.0012552073325	-0.209688	1.88281099875e-05	0.00314532
0.001260415665	-0.201005	1.8906234975e-05	0.003015075
0.0012656239975	-0.191035	1.89843599625e-05	0.002865525
0.00127083233	-0.181065	1.906248495e-05	0.002715975
0.0012760406625	-0.170452	1.91406099375e-05	0.00255678
0.001281248995	-0.159839	1.9218734925e-05	0.002397585
0.0012864573275	-0.148261	1.92968599125e-05	0.002223915
0.00129166566	-0.137327	1.93749849e-05	0.002059905
0.0012968739925	-0.125749	1.94531098875e-05	0.001886235
0.001302082325	-0.114492	1.9531234875e-05	0.00171738
0.0013072906575	-0.102593	1.96093598625e-05	0.001538895
0.00131249899	-0.0900503	1.968748485e-05	0.0013507545
0.0013177073225	-0.0778291	1.97656098375e-05	0.0011674365
0.001322915655	-0.065608	1.9843734825e-05	0.00098412
0.0013281239875	-0.0530653	1.99218598125e-05	0.0007959795
0.00133333232	-0.0405226	1.99999848e-05	0.000607839
0.0013385406525	-0.0283015	2.00781097875e-05	0.0004245225
0.001343748985	-0.0160804	2.0156234775e-05	0.000241206
0.0013489573175	-0.0041809	2.02343597625e-05	6.27135e-05
0.00135416565	0.00739698	2.031248475e-05	0.0001109546999999
0.0013593739825	0.0196181	2.03906097375e-05	0.0002942715
0.001364582315	0.0315176	2.0468734725e-05	0.000472764
0.0013697906475	0.0430955	2.05468597125e-05	0.0006464325
0.00137499898	0.0553166	2.06249847e-05	0.000829749
0.0013802073125	0.0668945	2.07031096875e-05	0.0010034174999999
0.001385415645	0.0778291	2.0781234675e-05	0.0011674365
0.0013906239775	0.089407	2.08593596625e-05	0.001341105
0.00139583231	0.0996985	2.093748465e-05	0.0014954774999999
0.0014010406425	0.110312	2.10156096375e-05	0.0016546799999999
0.001406248975	0.11996	2.1093734625e-05	0.0017993999999999
0.0014114573075	0.12993	2.11718596125e-05	0.0019489499999999
0.00141666564	0.138935	2.12499846e-05	0.0020840249999999
0.0014218739725	0.148261	2.13281095875e-05	0.002223915
0.001427082305	0.156301	2.1406234575e-05	0.0023445149999999
0.0014322906375	0.164663	2.14843595625e-05	0.002469945
0.00143749897	0.172382	2.156248455e-05	0.00258573
0.0014427073025	0.179457	2.16406095375e-05	0.002691855
0.001447915635	0.186533	2.1718734525e-05	0.002797995
0.0014531239675	0.192322	2.17968595125e-05	0.0028848299999999
0.0014583323	0.198111	2.18749845e-05	0.002971665
0.0014635406325	0.203578	2.19531094875e-05	0.00305367
0.001468748965	0.207759	2.2031234475e-05	0.0031163849999999
0.0014739572975	0.212261	2.21093594625e-05	0.003183915
0.00147916563	0.215477	2.218748445e-05	0.003232155
0.0014843739625	0.218372	2.22656094375e-05	0.00327558
0.001489582295	0.220945	2.2343734425e-05	0.003314175
0.0014947906275	0.222874	2.24218594125e-05	0.00334311
0.00149999896	0.224161	2.24999844e-05	0.0033624149999999
0.0015052072925	0.224482	2.25781093875e-05	0.0033672299999999
0.001510415625	0.224804	2.2656234375e-05	0.00337206
0.0015156239575	0.224482	2.27343593625e-05	0.0033672299999999
0.00152083229	0.223839	2.281248435e-05	0.003357585
0.0015260406225	0.222553	2.28906093375e-05	0.003338295
0.001531248955	0.220945	2.2968734325e-05	0.003314175
0.0015364572875	0.218372	2.30468593125e-05	0.00327558
0.00154166562	0.215156	2.31249843e-05	0.0032273399999999
0.0015468739525	0.211618	2.32031092875e-05	0.00317427
0.001552082285	0.207437	2.3281234275e-05	0.003111555
0.0015572906175	0.203256	2.33593592625e-05	0.0030488399999999
0.00156249895	0.197467	2.343748425e-05	0.0029620049999999
0.0015677072825	0.192	2.35156092375e-05	0.0028799999999999
0.001572915615	0.186211	2.3593734225e-05	0.002793165
0.0015781239475	0.180101	2.36718592125e-05	0.002701515
0.00158333228	0.173025	2.37499842e-05	0.002595375
0.0015885406125	0.166271	2.38281091875e-05	0.0024940649999999
0.001593748945	0.158231	2.3906234175e-05	0.002373465
0.0015989572775	0.150513	2.39843591625e-05	0.002257695
0.00160416561	0.142151	2.406248415e-05	0.002132265
0.0016093739425	0.134111	2.41406091375e-05	0.002011665
0.001614582275	0.125106	2.4218734125e-05	0.0018765899999999
0.0016197906075	0.115779	2.42968591125e-05	0.001736685
0.00162499894	0.106452	2.43749841e-05	0.00159678
0.0016302072725	0.0961608	2.44531090875e-05	0.001442412
0.001635415605	0.0868342	2.4531234075e-05	0.001302513
0.0016406239375	0.0768643	2.46093590625e-05	0.0011529645
0.00164583227	0.0668945	2.468748405e-05	0.0010034174999999
0.0016510406025	0.056603	2.47656090375e-05	0.000849045
0.001656248935	0.0459899	2.4843734025e-05	0.0006898485
0.0016614572675	0.0356985	2.49218590125e-05	0.0005354775
0.0016666656	0.025407	2.4999984e-05	0.0003811049999999
0.0016718739325	0.0151156	2.50781089875e-05	0.000226734
0.001677082265	0.00514573	2.5156233975e-05	7.718595e-05
0.0016822905975	-0.00514573	2.52343589625e-05	7.718595e-05
0.00168749893	-0.0154372	2.531248395e-05	0.0002315579999999
0.0016927072625	-0.025407	2.53906089375e-05	0.0003811049999999
0.001697915595	-0.0363417	2.5468733925e-05	0.0005451255
0.0017031239275	-0.0459899	2.55468589125e-05	0.0006898485
0.00170833226	-0.0562814	2.56249839e-05	0.000844221
0.0017135405925	-0.065608	2.57031088875e-05	0.00098412
0.001718748925	-0.0755779	2.5781233875e-05	0.0011336685
0.0017239572575	-0.0849045	2.58593588625e-05	0.0012735675
0.00172916559	-0.0939095	2.593748385e-05	0.0014086425
0.0017343739225	-0.103236	2.60156088375e-05	0.00154854
0.001739582255	-0.112241	2.6093733825e-05	0.0016836149999999
0.0017447905875	-0.120281	2.61718588125e-05	0.0018042149999999
0.00174999892	-0.128322	2.62499838e-05	0.0019248299999999
0.0017552072525	-0.135719	2.63281087875e-05	0.002035785
0.001760415585	-0.143437	2.6406233775e-05	0.002151555
0.0017656239175	-0.150513	2.64843587625e-05	0.002257695
0.00177083225	-0.157588	2.656248375e-05	0.00236382
0.0017760405825	-0.163377	2.66406087375e-05	0.002450655
0.001781248915	-0.169487	2.6718733725e-05	0.002542305
0.0017864572475	-0.175276	2.67968587125e-05	0.00262914
0.00179166558	-0.180422	2.68749837e-05	0.00270633
0.0017968739125	-0.184925	2.69531086875e-05	0.002773875
0.001802082245	-0.189427	2.7031233675e-05	0.002841405
0.0018072905775	-0.192965	2.71093586625e-05	0.0028944749999999
0.00181249891	-0.196503	2.718748365e-05	0.002947545
0.0018177072425	-0.199075	2.72656086375e-05	0.002986125
0.001822915575	-0.201005	2.7343733625e-05	0.003015075
0.0018281239075	-0.203256	2.74218586125e-05	0.0030488399999999
0.00183333224	-0.204543	2.74999836e-05	0.003068145
0.0018385405725	-0.205508	2.75781085875e-05	0.00308262
0.001843748905	-0.206151	2.7656233575e-05	0.003092265
0.0018489572375	-0.206151	2.77343585625e-05	0.003092265
0.00185416557	-0.205829	2.781248355e-05	0.003087435
0.0018593739025	-0.205186	2.78906085375e-05	0.00307779
0.001864582235	-0.203578	2.7968733525e-05	0.00305367
0.0018697905675	-0.201648	2.80468585125e-05	0.00302472
0.0018749989	-0.199719	2.81249835e-05	0.002995785
0.0018802072325	-0.197146	2.82031084875e-05	0.0029571899999999
0.001885415565	-0.19393	2.8281233475e-05	0.0029089499999999
0.0018906238975	-0.19007	2.83593584625e-05	0.00285105
0.00189583223	-0.186854	2.843748345e-05	0.0028028099999999
0.0019010405625	-0.18203	2.85156084375e-05	0.0027304499999999
0.001906248895	-0.177528	2.8593733425e-05	0.0026629199999999
0.0019114572275	-0.17206	2.86718584125e-05	0.0025808999999999
0.00191666556	-0.166593	2.87499834e-05	0.0024988949999999
0.0019218738925	-0.160482	2.88281083875e-05	0.00240723
0.001927082225	-0.154372	2.8906233375e-05	0.00231558
0.0019322905575	-0.14794	2.89843583625e-05	0.0022191
0.00193749889	-0.141186	2.906248335e-05	0.00211779
0.0019427072225	-0.134432	2.91406083375e-05	0.0020164799999999
0.001947915555	-0.127035	2.9218733325e-05	0.001905525
0.0019531238875	-0.119317	2.92968583125e-05	0.001789755
0.00195833222	-0.11192	2.93749833e-05	0.0016788
0.0019635405525	-0.104201	2.94531082875e-05	0.001563015
0.001968748885	-0.0961608	2.9531233275e-05	0.001442412
0.0019739572175	-0.0874774	2.96093582625e-05	0.0013121609999999
0.00197916555	-0.0791156	2.968748325e-05	0.0011867339999999
0.0019843738825	-0.0704322	2.97656082375e-05	0.001056483
0.001989582215	-0.0620704	2.9843733225e-05	0.000931056
0.0019947905475	-0.0533869	2.99218582125e-05	0.0008008035
0.00199999888	-0.0447035	2.99999832e-05	0.0006705525
0.0020052072125	-0.0356985	3.00781081875e-05	0.0005354775
0.002010415545	-0.0270151	3.0156233175000003e-05	0.0004052264999999
0.0020156238775	-0.0180101	3.02343581625e-05	0.0002701515
0.00202083221	-0.00964824	3.0312483150000003e-05	0.0001447236
0.0020260405425	-0.000964824	3.03906081375e-05	1.447236e-05
0.002031248875	0.00739698	3.0468733124999995e-05	0.0001109546999999
0.0020364572075	0.0157588	3.05468581125e-05	0.000236382
0.00204166554	0.0241206	3.06249831e-05	0.000361809
0.0020468738725	0.0321608	3.07031080875e-05	0.000482412
0.002052082205	0.040201	3.0781233075e-05	0.000603015
0.0020572905375	0.0485628	3.08593580625e-05	0.000728442
0.00206249887	0.056603	3.093748305e-05	0.000849045
0.0020677072025	0.0643216	3.10156080375e-05	0.000964824
0.002072915535	0.0720402	3.1093733024999995e-05	0.0010806029999999
0.0020781238675	0.0791156	3.11718580125e-05	0.0011867339999999
0.0020833322	0.086191	3.1249982999999994e-05	0.001292865
0.0020885405325	0.0923015	3.13281079875e-05	0.0013845225
0.002093748865	0.0990553	3.1406232975e-05	0.0014858294999999
0.0020989571975	0.105166	3.14843579625e-05	0.00157749
0.00210416553	0.111276	3.156248295e-05	0.00166914
0.0021093738625	0.117065	3.16406079375e-05	0.001755975
0.002114582195	0.122211	3.1718732925e-05	0.0018331649999999
0.0021197905275	0.127035	3.17968579125e-05	0.001905525
0.00212499886	0.131216	3.18749829e-05	0.00196824
0.0021302071925	0.135719	3.1953107887500004e-05	0.002035785
0.002135415525	0.139578	3.2031232875e-05	0.00209367
0.0021406238575	0.142472	3.21093578625e-05	0.0021370799999999
0.00214583219	0.145688	3.218748285e-05	0.00218532
0.0021510405225	0.148583	3.22656078375e-05	0.002228745
0.002156248855	0.150191	3.2343732825e-05	0.0022528649999999
0.0021614571875	0.152764	3.24218578125e-05	0.00229146
0.00216666552	0.154372	3.24999828e-05	0.00231558
0.0021718738525	0.155337	3.2578107787499994e-05	0.002330055
0.002177082185	0.156301	3.2656232775e-05	0.0023445149999999
0.0021822905175	0.156301	3.273435776249999e-05	0.0023445149999999
0.00218749885	0.156301	3.281248275e-05	0.0023445149999999
0.0021927071825	0.155658	3.28906077375e-05	0.0023348699999999
0.002197915515	0.155015	3.2968732725e-05	0.0023252249999999
0.0022031238475	0.153407	3.30468577125e-05	0.002301105
0.00220833218	0.151799	3.31249827e-05	0.0022769849999999
0.0022135405125	0.149869	3.32031076875e-05	0.002248035
0.002218748845	0.147296	3.3281232675e-05	0.00220944
0.0022239571775	0.144724	3.33593576625e-05	0.0021708599999999
0.00222916551	0.141508	3.343748265e-05	0.00212262
0.0022343738425	0.13797	3.3515607637499995e-05	0.00206955
0.002239582175	0.133789	3.3593732625e-05	0.0020068349999999
0.0022447905075	0.12993	3.3671857612499994e-05	0.0019489499999999
0.00224999884	0.125749	3.37499826e-05	0.001886235
0.0022552071725	0.120925	3.38281075875e-05	0.001813875
0.002260415505	0.115457	3.3906232575e-05	0.001731855
0.0022656238375	0.110633	3.39843575625e-05	0.0016594949999999
0.00227083217	0.104844	3.406248255e-05	0.00157266
0.0022760405025	0.0990553	3.41406075375e-05	0.0014858294999999
0.002281248835	0.0929447	3.4218732525e-05	0.0013941705
0.0022864571675	0.0865126	3.42968575125e-05	0.0012976889999999
0.0022916655	0.0800804	3.4374982500000004e-05	0.0012012059999999
0.0022968738325	0.0739698	3.44531074875e-05	0.001109547
0.002302082165	0.0668945	3.4531232475000003e-05	0.0010034174999999
0.0023072904975	0.0598191	3.46093574625e-05	0.0008972864999999
0.00231249883	0.0533869	3.468748245e-05	0.0008008035
0.0023177071625	0.0453467	3.47656074375e-05	0.0006802004999999
0.002322915495	0.0382714	3.4843732424999995e-05	0.0005740709999999
0.0023281238275	0.0308744	3.49218574125e-05	0.0004631159999999
0.00233333216	0.023799	3.4999982399999994e-05	0.000356985
0.0023385404925	0.0167236	3.50781073875e-05	0.000250854
0.002343748825	0.00932663	3.515623237499999e-05	0.00013989945
0.0023489571575	0.00225126	3.52343573625e-05	3.37689e-05
0.00235416549	-0.00514573	3.531248235e-05	7.718595e-05
0.0023593738225	-0.0125427	3.53906073375e-05	0.0001881405
0.002364582155	-0.0196181	3.5468732325e-05	0.0002942715
0.0023697904875	-0.0266935	3.55468573125e-05	0.0004004024999999
0.00237499882	-0.0340905	3.56249823e-05	0.0005113575
0.0023802071525	-0.0411658	3.57031072875e-05	0.000617487
0.002385415485	-0.0482412	3.5781232275e-05	0.000723618
0.0023906238175	-0.054995	3.58593572625e-05	0.000824925
0.00239583215	-0.0620704	3.593748225e-05	0.000931056
0.0024010404825	-0.0681809	3.60156072375e-05	0.0010227135
0.002406248815	-0.0749347	3.6093732225e-05	0.0011240205
0.0024114571475	-0.0810452	3.61718572125e-05	0.001215678
0.00241666548	-0.0874774	3.62499822e-05	0.0013121609999999
0.0024218738125	-0.0932663	3.63281071875e-05	0.0013989945
0.002427082145	-0.0987337	3.6406232175e-05	0.0014810054999999
0.0024322904775	-0.104201	3.64843571625e-05	0.001563015
0.00243749881	-0.109347	3.656248215e-05	0.0016402049999999
0.0024427071425	-0.114171	3.66406071375e-05	0.0017125649999999
0.002447915475	-0.118673	3.6718732125e-05	0.001780095
0.0024531238075	-0.123176	3.67968571125e-05	0.0018476399999999
0.00245833214	-0.126714	3.68749821e-05	0.00190071
0.0024635404725	-0.130251	3.69531070875e-05	0.001953765
0.002468748805	-0.133789	3.7031232075e-05	0.0020068349999999
0.0024739571375	-0.136683	3.71093570625e-05	0.002050245
0.00247916547	-0.138935	3.718748205e-05	0.0020840249999999
0.0024843738025	-0.141508	3.72656070375e-05	0.00212262
0.002489582135	-0.143759	3.7343732025e-05	0.002156385
0.0024947904675	-0.145688	3.74218570125e-05	0.00218532
0.0024999988	-0.146653	3.7499982e-05	0.002199795
0.0025052071325	-0.148261	3.75781069875e-05	0.002223915
0.002510415465	-0.149226	3.7656231975e-05	0.00223839
0.0025156237975	-0.149869	3.77343569625e-05	0.002248035
0.00252083213	-0.149548	3.781248195e-05	0.0022432199999999
0.0025260404625	-0.149226	3.78906069375e-05	0.00223839
0.002531248795	-0.148583	3.7968731925e-05	0.002228745
0.0025364571275	-0.14794	3.80468569125e-05	0.0022191
0.00254166546	-0.146653	3.81249819e-05	0.002199795
0.0025468737925	-0.145688	3.82031068875e-05	0.00218532
0.002552082125	-0.143116	3.8281231875e-05	0.00214674
0.0025572904575	-0.141186	3.83593568625e-05	0.00211779
0.00256249879	-0.138613	3.843748185e-05	0.002079195
0.0025677071225	-0.13604	3.85156068375e-05	0.0020406
0.002572915455	-0.132824	3.8593731825e-05	0.00199236
0.0025781237875	-0.12993	3.86718568125e-05	0.0019489499999999
0.00258333212	-0.126392	3.87499818e-05	0.00189588
0.0025885404525	-0.122533	3.88281067875e-05	0.001837995
0.002593748785	-0.118352	3.890623177499999e-05	0.00177528
0.0025989571175	-0.113849	3.89843567625e-05	0.001707735
0.00260416545	-0.109347	3.906248174999999e-05	0.0016402049999999
0.0026093737825	-0.104844	3.91406067375e-05	0.00157266
0.002614582115	-0.0996985	3.9218731725e-05	0.0014954774999999
0.0026197904475	-0.0942312	3.92968567125e-05	0.001413468
0.00262499878	-0.0887638	3.93749817e-05	0.001331457
0.0026302071125	-0.0836181	3.94531066875e-05	0.0012542715
0.002635415445	-0.0778291	3.9531231675e-05	0.0011674365
0.0026406237775	-0.0720402	3.96093566625e-05	0.0010806029999999
0.00264583211	-0.065608	3.968748165e-05	0.00098412
0.0026510404425	-0.0598191	3.97656066375e-05	0.0008972864999999
0.002656248775	-0.0540302	3.9843731625e-05	0.0008104529999999
0.0026614571075	-0.0479196	3.99218566125e-05	0.0007187939999999
0.00266666544	-0.0414874	3.99999816e-05	0.000622311
0.0026718737725	-0.0353769	4.00781065875e-05	0.0005306535
0.002677082105	-0.0286231	4.0156231575e-05	0.0004293464999999
0.0026822904375	-0.0228342	4.02343565625e-05	0.0003425129999999
0.00268749877	-0.016402	4.031248155e-05	0.00024603
0.0026927071025	-0.0109347	4.03906065375e-05	0.0001640205
0.002697915435	-0.00450251	4.0468731525e-05	6.753765e-05
0.0027031237675	0.00160804	4.05468565125e-05	2.41206e-05
0.0027083321	0.00739698	4.06249815e-05	0.0001109546999999
0.0027135404325	0.0135075	4.07031064875e-05	0.0002026125
0.002718748765	0.0189749	4.0781231475e-05	0.0002846234999999
0.0027239570975	0.0247638	4.08593564625e-05	0.0003714569999999
0.00272916543	0.0308744	4.093748145e-05	0.0004631159999999
0.0027343737625	0.0360201	4.10156064375e-05	0.0005403014999999
0.002739582095	0.0414874	4.1093731425e-05	0.000622311
0.0027447904275	0.0472764	4.11718564125e-05	0.000709146
0.00274999876	0.0521005	4.12499814e-05	0.0007815075
0.0027552070925	0.0572462	4.13281063875e-05	0.0008586929999999
0.002760415425	0.0620704	4.1406231375e-05	0.000931056
0.0027656237575	0.0665729	4.148435636249999e-05	0.0009985935
0.00277083209	0.0710754	4.156248135e-05	0.001066131
0.0027760404225	0.0752563	4.16406063375e-05	0.0011288445
0.002781248755	0.0794372	4.1718731325e-05	0.001191558
0.0027864570875	0.0829749	4.17968563125e-05	0.0012446235
0.00279166542	0.0865126	4.18749813e-05	0.0012976889999999
0.0027968737525	0.0900503	4.19531062875e-05	0.0013507545
0.002802082085	0.0926231	4.2031231275e-05	0.0013893465
0.0028072904175	0.0955176	4.21093562625e-05	0.0014327639999999
0.00281249875	0.0980905	4.218748125e-05	0.0014713575
0.0028177070825	0.100342	4.22656062375e-05	0.00150513
0.002822915415	0.10195	4.2343731225e-05	0.00152925
0.0028281237475	0.103879	4.24218562125e-05	0.001558185
0.00283333208	0.105487	4.24999812e-05	0.001582305
0.0028385404125	0.106452	4.25781061875e-05	0.00159678
0.002843748745	0.107095	4.2656231175e-05	0.0016064249999999
0.0028489570775	0.107739	4.27343561625e-05	0.001616085
0.00285416541	0.107739	4.281248115e-05	0.001616085
0.0028593737425	0.10806	4.28906061375e-05	0.0016209
0.002864582075	0.107739	4.2968731125e-05	0.001616085
0.0028697904075	0.106774	4.30468561125e-05	0.0016016099999999
0.00287499874	0.106131	4.31249811e-05	0.001591965
0.0028802070725	0.105166	4.32031060875e-05	0.00157749
0.002885415405	0.103236	4.3281231075e-05	0.00154854
0.0028906237375	0.101628	4.33593560625e-05	0.0015244199999999
0.00289583207	0.0993769	4.343748105e-05	0.0014906535
0.0029010404025	0.0974472	4.35156060375e-05	0.001461708
0.002906248735	0.095196	4.3593731025e-05	0.00142794
0.0029114570675	0.0919799	4.36718560125e-05	0.0013796985
0.0029166654	0.0897286	4.3749981e-05	0.001345929
0.0029218737325	0.086191	4.38281059875e-05	0.001292865
0.002927082065	0.0829749	4.390623097499999e-05	0.0012446235
0.0029322903975	0.0794372	4.39843559625e-05	0.001191558
0.00293749873	0.0752563	4.406248095e-05	0.0011288445
0.0029427070625	0.0710754	4.41406059375e-05	0.001066131
0.002947915395	0.0672161	4.4218730925e-05	0.0010082415
0.0029531237275	0.0630352	4.42968559125e-05	0.000945528
0.00295833206	0.0588543	4.43749809e-05	0.0008828145
0.0029635403925	0.0540302	4.44531058875e-05	0.0008104529999999
0.002968748725	0.0495276	4.4531230875e-05	0.0007429139999999
0.0029739570575	0.0447035	4.46093558625e-05	0.0006705525
0.00297916539	0.0392362	4.468748085e-05	0.000588543
0.0029843737225	0.0347337	4.47656058375e-05	0.0005210055
0.002989582055	0.0292663	4.4843730825e-05	0.0004389944999999
0.0029947903875	0.0244422	4.49218558125e-05	0.000366633
0.00299999872	0.0192965	4.49999808e-05	0.0002894475
0.0030052070525	0.0138291	4.50781057875e-05	0.0002074365
0.003010415385	0.00868342	4.5156230775e-05	0.0001302513
0.0030156237175	0.00353769	4.52343557625e-05	5.306535e-05
0.00302083205	-0.00192965	4.531248075e-05	2.894475e-05
0.0030260403825	-0.00675377	4.539060573749999e-05	0.0001013065499999
0.003031248715	-0.0118995	4.5468730725e-05	0.0001784925
0.0030364570475	-0.0167236	4.55468557125e-05	0.000250854
0.00304166538	-0.0218693	4.56249807e-05	0.0003280395
0.0030468737125	-0.0270151	4.57031056875e-05	0.0004052264999999
0.003052082045	-0.0324824	4.5781230675e-05	0.000487236
0.0030572903775	-0.0379497	4.58593556625e-05	0.0005692455
0.00306249871	-0.0427739	4.593748065e-05	0.0006416085
0.0030677070425	-0.0472764	4.60156056375e-05	0.000709146
0.003072915375	-0.0514573	4.6093730625e-05	0.0007718594999999
0.0030781237075	-0.056603	4.61718556125e-05	0.000849045
0.00308333204	-0.0611055	4.62499806e-05	0.0009165824999999
0.0030885403725	-0.0652864	4.63281055875e-05	0.000979296
0.003093748705	-0.0694673	4.6406230575e-05	0.0010420095
0.0030989570375	-0.0733266	4.64843555625e-05	0.001099899
0.00310416537	-0.0771859	4.656248055e-05	0.0011577885
0.0031093737025	-0.0810452	4.66406055375e-05	0.001215678
0.003114582035	-0.0839397	4.6718730525e-05	0.0012590955
0.0031197903675	-0.087799	4.67968555125e-05	0.001316985
0.0031249987	-0.0906935	4.68749805e-05	0.0013604024999999
0.0031302070325	-0.0932663	4.69531054875e-05	0.0013989945
0.003135415365	-0.0961608	4.7031230475e-05	0.001442412
0.0031406236975	-0.0984121	4.71093554625e-05	0.0014761815
0.00314583203	-0.100342	4.718748045e-05	0.00150513
0.0031510403625	-0.102593	4.72656054375e-05	0.001538895
0.003156248695	-0.104523	4.7343730425e-05	0.001567845
0.0031614570275	-0.105809	4.74218554125e-05	0.001587135
0.00316666536	-0.107095	4.74999804e-05	0.0016064249999999
0.0031718736925	-0.108382	4.75781053875e-05	0.00162573
0.003177082025	-0.109347	4.765623037499999e-05	0.0016402049999999
0.0031822903575	-0.109347	4.77343553625e-05	0.0016402049999999
0.00318749869	-0.109347	4.781248034999999e-05	0.0016402049999999
0.0031927070225	-0.109347	4.78906053375e-05	0.0016402049999999
0.003197915355	-0.109668	4.7968730325e-05	0.0016450199999999
0.0032031236875	-0.109347	4.80468553125e-05	0.0016402049999999
0.00320833202	-0.108704	4.81249803e-05	0.0016305599999999
0.0032135403525	-0.107739	4.82031052875e-05	0.001616085
0.003218748685	-0.106452	4.8281230275e-05	0.00159678
0.0032239570175	-0.104844	4.83593552625e-05	0.00157266
0.00322916535	-0.103558	4.843748025e-05	0.0015533699999999
0.0032343736825	-0.10195	4.85156052375e-05	0.00152925
0.003239582015	-0.0993769	4.8593730225e-05	0.0014906535
0.0032447903475	-0.0977688	4.86718552125e-05	0.001466532
0.00324999868	-0.0958392	4.87499802e-05	0.0014375879999999
0.0032552070125	-0.0926231	4.88281051875e-05	0.0013893465
0.003260415345	-0.0900503	4.8906230175e-05	0.0013507545
0.0032656236775	-0.0871558	4.89843551625e-05	0.001307337
0.00327083201	-0.0839397	4.906248015e-05	0.0012590955
0.0032760403425	-0.0807236	4.91406051375e-05	0.001210854
0.003281248675	-0.0771859	4.9218730125e-05	0.0011577885
0.0032864570075	-0.0736482	4.92968551125e-05	0.001104723
0.00329166534	-0.0701106	4.93749801e-05	0.001051659
0.0032968736725	-0.0659297	4.94531050875e-05	0.0009889455
0.003302082005	-0.0620704	4.9531230075e-05	0.000931056
0.0033072903375	-0.0585327	4.96093550625e-05	0.0008779905
0.00331249867	-0.0540302	4.968748005e-05	0.0008104529999999
0.0033177070025	-0.0495276	4.97656050375e-05	0.0007429139999999
0.003322915335	-0.0453467	4.9843730025e-05	0.0006802004999999
0.0033281236675	-0.0411658	4.99218550125e-05	0.000617487
0.003333332	-0.0366633	4.999998e-05	0.0005499495
0.0033385403325	-0.0324824	5.00781049875e-05	0.000487236
0.003343748665	-0.0276583	5.0156229975e-05	0.0004148745
0.0033489569975	-0.0234774	5.023435496249999e-05	0.000352161
0.00335416533	-0.0189749	5.031247995e-05	0.0002846234999999
0.0033593736625	-0.0144724	5.03906049375e-05	0.000217086
0.003364581995	-0.0102915	5.0468729925e-05	0.0001543724999999
0.0033697903275	-0.00611055	5.05468549125e-05	9.165825e-05
0.00337499866	-0.00128643	5.06249799e-05	1.929645e-05
0.0033802069925	0.00257286	5.07031048875e-05	3.85929e-05
0.003385415325	0.00675377	5.0781229875e-05	0.0001013065499999
0.0033906236575	0.0109347	5.08593548625e-05	0.0001640205
0.00339583199	0.0151156	5.093747985e-05	0.000226734
0.0034010403225	0.0189749	5.10156048375e-05	0.0002846234999999
0.003406248655	0.0234774	5.1093729825e-05	0.000352161
0.0034114569875	0.0266935	5.11718548125e-05	0.0004004024999999
0.00341666532	0.0305528	5.12499798e-05	0.000458292
0.0034218736525	0.0344121	5.13281047875e-05	0.0005161815
0.003427081985	0.0376281	5.1406229775e-05	0.0005644214999999
0.0034322903175	0.0414874	5.14843547625e-05	0.000622311
0.00343749865	0.0447035	5.156247975e-05	0.0006705525
0.0034427069825	0.0479196	5.16406047375e-05	0.0007187939999999
0.003447915315	0.0511357	5.171872972499999e-05	0.0007670355
0.0034531236475	0.0537085	5.17968547125e-05	0.0008056275
0.00345833198	0.056603	5.18749797e-05	0.000849045
0.0034635403125	0.0588543	5.19531046875e-05	0.0008828145
0.003468748645	0.0604623	5.2031229675e-05	0.0009069344999999
0.0034739569775	0.0630352	5.21093546625e-05	0.000945528
0.00347916531	0.0649648	5.218747965e-05	0.000974472
0.0034843736425	0.0665729	5.22656046375e-05	0.0009985935
0.003489581975	0.0685025	5.2343729625e-05	0.0010275375
0.0034947903075	0.0694673	5.24218546125e-05	0.0010420095
0.00349999864	0.0704322	5.24999796e-05	0.001056483
0.0035052069725	0.0717186	5.25781045875e-05	0.0010757789999999
0.003510415305	0.0720402	5.2656229574999993e-05	0.0010806029999999
0.0035156236375	0.073005	5.27343545625e-05	0.001095075
0.00352083197	0.0736482	5.281247955e-05	0.001104723
0.0035260403025	0.0733266	5.28906045375e-05	0.001099899
0.003531248635	0.0736482	5.2968729525e-05	0.001104723
0.0035364569675	0.073005	5.30468545125e-05	0.001095075
0.0035416653	0.0726834	5.31249795e-05	0.001090251
0.0035468736325	0.0723618	5.32031044875e-05	0.001085427
0.003552081965	0.071397	5.3281229475e-05	0.001070955
0.0035572902975	0.0697889	5.33593544625e-05	0.0010468335
0.00356249863	0.0688241	5.343747945e-05	0.0010323615
0.0035677069625	0.0675377	5.35156044375e-05	0.0010130655
0.003572915295	0.065608	5.3593729425e-05	0.00098412
0.0035781236275	0.064	5.36718544125e-05	0.00096
0.00358333196	0.062392	5.37499794e-05	0.00093588
0.0035885402925	0.0601407	5.38281043875e-05	0.0009021105
0.003593748625	0.0575678	5.3906229375e-05	0.000863517
0.0035989569575	0.0553166	5.398435436249999e-05	0.000829749
0.00360416529	0.0527437	5.406247935e-05	0.0007911554999999
0.0036093736225	0.0495276	5.414060433749999e-05	0.0007429139999999
0.003614581955	0.0469548	5.4218729325e-05	0.000704322
0.0036197902875	0.0440603	5.42968543125e-05	0.0006609044999999
0.00362499862	0.0405226	5.43749793e-05	0.000607839
0.0036302069525	0.0379497	5.44531042875e-05	0.0005692455
0.003635415285	0.0340905	5.4531229275e-05	0.0005113575
0.0036406236175	0.031196	5.46093542625e-05	0.00046794
0.00364583195	0.0276583	5.468747925e-05	0.0004148745
0.0036510402825	0.0241206	5.47656042375e-05	0.000361809
0.003656248615	0.0205829	5.4843729225e-05	0.0003087435
0.0036614569475	0.0173668	5.49218542125e-05	0.000260502
0.00366666528	0.0131859	5.49999792e-05	0.0001977885
0.0036718736125	0.00964824	5.50781041875e-05	0.0001447236
0.003677081945	0.00611055	5.5156229175e-05	9.165825e-05
0.0036822902775	0.00225126	5.52343541625e-05	3.37689e-05
0.00368749861	-0.00128643	5.531247915e-05	1.929645e-05
0.0036927069425	-0.00482412	5.53906041375e-05	7.23618e-05
0.003697915275	-0.00868342	5.5468729125e-05	0.0001302513
0.0037031236075	-0.0125427	5.55468541125e-05	0.0001881405
0.00370833194	-0.016402	5.56249791e-05	0.00024603
0.0037135402725	-0.0196181	5.57031040875e-05	0.0002942715
0.003718748605	-0.0231558	5.5781229075e-05	0.0003473369999999
0.0037239569375	-0.0266935	5.58593540625e-05	0.0004004024999999
0.00372916527	-0.0305528	5.593747905e-05	0.000458292
0.0037343736025	-0.0334472	5.60156040375e-05	0.000501708
0.003739581935	-0.0373065	5.6093729025e-05	0.0005595975
0.0037447902675	-0.0408442	5.61718540125e-05	0.0006126629999999
0.0037499986	-0.0437387	5.6249979e-05	0.0006560804999999
0.0037552069325	-0.0472764	5.63281039875e-05	0.000709146
0.003760415265	-0.0498492	5.6406228974999993e-05	0.000747738
0.0037656235975	-0.0533869	5.64843539625e-05	0.0008008035
0.00377083193	-0.0556382	5.656247894999999e-05	0.0008345729999999
0.0037760402625	-0.0585327	5.66406039375e-05	0.0008779905
0.003781248595	-0.0611055	5.6718728925e-05	0.0009165824999999
0.0037864569275	-0.0630352	5.67968539125e-05	0.000945528
0.00379166526	-0.0652864	5.68749789e-05	0.000979296
0.0037968735925	-0.0681809	5.69531038875e-05	0.0010227135
0.003802081925	-0.0697889	5.7031228875e-05	0.0010468335
0.0038072902575	-0.0720402	5.71093538625e-05	0.0010806029999999
0.00381249859	-0.0736482	5.718747885e-05	0.001104723
0.0038177069225	-0.0752563	5.72656038375e-05	0.0011288445
0.003822915255	-0.0765427	5.7343728825e-05	0.0011481405
0.0038281235875	-0.0775075	5.74218538125e-05	0.0011626124999999
0.00383333192	-0.078794	5.74999788e-05	0.00118191
0.0038385402525	-0.0797588	5.75781037875e-05	0.001196382
0.003843748585	-0.080402	5.7656228775e-05	0.00120603
0.0038489569175	-0.0807236	5.77343537625e-05	0.001210854
0.00385416525	-0.0810452	5.781247875e-05	0.001215678
0.0038593735825	-0.0816884	5.78906037375e-05	0.0012253259999999
0.003864581915	-0.0813668	5.7968728725e-05	0.001220502
0.0038697902475	-0.0810452	5.804685371249999e-05	0.001215678
0.00387499858	-0.0807236	5.81249787e-05	0.001210854
0.0038802069125	-0.0807236	5.82031036875e-05	0.001210854
0.003885415245	-0.0791156	5.8281228675e-05	0.0011867339999999
0.0038906235775	-0.0784724	5.83593536625e-05	0.001177086
0.00389583191	-0.0778291	5.843747865e-05	0.0011674365
0.0039010402425	-0.0765427	5.85156036375e-05	0.0011481405
0.003906248575	-0.0752563	5.8593728625e-05	0.0011288445
0.0039114569075	-0.0742915	5.86718536125e-05	0.0011143725
0.00391666524	-0.0723618	5.87499786e-05	0.001085427
0.0039218735725	-0.0704322	5.88281035875e-05	0.001056483
0.003927081905	-0.0685025	5.8906228575e-05	0.0010275375
0.0039322902375	-0.0668945	5.89843535625e-05	0.0010034174999999
0.00393749857	-0.064	5.906247854999999e-05	0.00096
0.0039427069025	-0.0620704	5.91406035375e-05	0.000931056
0.003947915235	-0.0598191	5.9218728525e-05	0.0008972864999999
0.0039531235675	-0.0569246	5.9296853512500005e-05	0.0008538689999999
0.0039583319	-0.0546734	5.937497849999999e-05	0.000820101
0.0039635402325	-0.0524221	5.94531034875e-05	0.0007863315
0.003968748565	-0.0495276	5.9531228475e-05	0.0007429139999999
0.0039739568975	-0.0466332	5.96093534625e-05	0.000699498
0.00397916523	-0.0437387	5.968747845e-05	0.0006560804999999
0.0039843735625	-0.0411658	5.97656034375e-05	0.000617487
0.003989581895	-0.0379497	5.9843728425e-05	0.0005692455
0.0039947902275	-0.0347337	5.99218534125e-05	0.0005210055
0.00399999856	-0.0315176	5.99999784e-05	0.000472764
0.0040052068925	-0.0283015	6.00781033875e-05	0.0004245225
0.004010415225	-0.0250854	6.0156228375e-05	0.000376281
0.0040156235575	-0.022191	6.023435336249999e-05	0.0003328649999999
0.00402083189	-0.0186533	6.031247834999999e-05	0.0002797995
0.0040260402225	-0.0151156	6.03906033375e-05	0.000226734
0.004031248555	-0.0125427	6.0468728325e-05	0.0001881405
0.0040364568875	-0.00932663	6.054685331249999e-05	0.00013989945
0.00404166522	-0.00611055	6.06249783e-05	9.165825e-05
0.0040468735525	-0.00353769	6.07031032875e-05	5.306535e-05
0.004052081885	0.0	6.0781228275e-05	0.0
0.0040572902175	0.00289447	6.085935326249999e-05	4.341705e-05
0.00406249855	0.00611055	6.093747825e-05	9.165825e-05
0.0040677068825	0.00868342	6.10156032375e-05	0.0001302513
0.004072915215	0.0118995	6.1093728225e-05	0.0001784925
0.0040781235475	0.0141508	6.117185321249999e-05	0.0002122619999999
0.00408333188	0.0167236	6.12499782e-05	0.000250854
0.0040885402125	0.0196181	6.13281031875e-05	0.0002942715
0.004093748545	0.022191	6.1406228175e-05	0.0003328649999999
0.0040989568775	0.0247638	6.14843531625e-05	0.0003714569999999
0.00410416521	0.0273367	6.156247815e-05	0.0004100505
0.0041093735425	0.0299095	6.16406031375e-05	0.0004486424999999
0.004114581875	0.0315176	6.1718728125e-05	0.000472764
0.0041197902075	0.0334472	6.17968531125e-05	0.000501708
0.00412499854	0.0353769	6.18749781e-05	0.0005306535
0.0041302068725	0.0373065	6.19531030875e-05	0.0005595975
0.004135415205	0.0389146	6.203122807500001e-05	0.000583719
0.0041406235375	0.040201	6.21093530625e-05	0.000603015
0.00414583187	0.0424523	6.218747805e-05	0.0006367845
0.0041510402025	0.0434171	6.22656030375e-05	0.0006512565
0.004156248535	0.0447035	6.2343728025e-05	0.0006705525
0.0041614568675	0.0459899	6.24218530125e-05	0.0006898485
0.0041666652	0.0466332	6.2499978e-05	0.000699498
0.0041718735325	0.047598	6.257810298750001e-05	0.00071397
0.004177081865	0.0479196	6.2656227975e-05	0.0007187939999999
0.0041822901975	0.0485628	6.273435296249999e-05	0.000728442
0.00418749853	0.049206	6.281247794999999e-05	0.00073809
0.0041927068625	0.0495276	6.28906029375e-05	0.0007429139999999
0.004197915195	0.0488844	6.296872792499999e-05	0.000733266
0.0042031235275	0.049206	6.304685291249999e-05	0.00073809
0.00420833186	0.0488844	6.31249779e-05	0.000733266
0.0042135401925	0.0485628	6.32031028875e-05	0.000728442
0.004218748525	0.0482412	6.328122787499999e-05	0.000723618
0.0042239568575	0.0472764	6.335935286249999e-05	0.000709146
0.00422916519	0.0463116	6.343747785e-05	0.0006946739999999
0.0042343735225	0.0453467	6.35156028375e-05	0.0006802004999999
0.004239581855	0.0447035	6.359372782499999e-05	0.0006705525
0.0042447901875	0.0434171	6.36718528125e-05	0.0006512565
0.00424999852	0.041809	6.37499778e-05	0.0006271349999999
0.0042552068525	0.0405226	6.38281027875e-05	0.000607839
0.004260415185	0.0382714	6.3906227775e-05	0.0005740709999999
0.0042656235175	0.0373065	6.39843527625e-05	0.0005595975
0.00427083185	0.0353769	6.406247775e-05	0.0005306535
0.0042760401825	0.0340905	6.41406027375e-05	0.0005113575
0.004281248515	0.031196	6.4218727725e-05	0.00046794
0.0042864568475	0.0295879	6.42968527125e-05	0.0004438184999999
0.00429166518	0.0270151	6.43749777e-05	0.0004052264999999
0.0042968735125	0.025407	6.44531026875e-05	0.0003811049999999
0.004302081845	0.0228342	6.4531227675e-05	0.0003425129999999
0.0043072901775	0.0209045	6.46093526625e-05	0.0003135674999999
0.00431249851	0.0183317	6.468747765e-05	0.0002749754999999
0.0043177068425	0.0160804	6.47656026375e-05	0.000241206
0.004322915175	0.0138291	6.4843727625e-05	0.0002074365
0.0043281235075	0.0109347	6.49218526125e-05	0.0001640205
0.00433333184	0.00868342	6.499997760000001e-05	0.0001302513
0.0043385401725	0.00578894	6.50781025875e-05	8.68341e-05
0.004343748505	0.00321608	6.5156227575e-05	4.82412e-05
0.0043489568375	0.000321608	6.523435256249999e-05	4.82412e-06
0.00435416517	-0.00225126	6.531247755e-05	3.37689e-05
0.0043593735025	-0.00514573	6.539060253749999e-05	7.718595e-05
0.004364581835	-0.00739698	6.546872752499999e-05	0.0001109546999999
0.0043697901675	-0.00996985	6.55468525125e-05	0.00014954775
0.0043749985	-0.0125427	6.56249775e-05	0.0001881405
0.0043802068325	-0.0151156	6.570310248749999e-05	0.000226734
0.004385415165	-0.0176884	6.578122747499999e-05	0.000265326
0.0043906234975	-0.0202613	6.58593524625e-05	0.0003039195
0.00439583183	-0.0228342	6.593747745e-05	0.0003425129999999
0.0044010401625	-0.0250854	6.601560243749999e-05	0.000376281
0.004406248495	-0.0279799	6.6093727425e-05	0.0004196985
0.0044114568275	-0.0302312	6.61718524125e-05	0.000453468
0.00441666516	-0.0331256	6.62499774e-05	0.000496884
0.0044218734925	-0.0350553	6.632810238749999e-05	0.0005258295
0.004427081825	-0.0373065	6.6406227375e-05	0.0005595975
0.0044322901575	-0.0395578	6.64843523625e-05	0.0005933669999999
0.00443749849	-0.0414874	6.656247734999999e-05	0.000622311
0.0044427068225	-0.0437387	6.66406023375e-05	0.0006560804999999
0.004447915155	-0.0456683	6.6718727325e-05	0.0006850245
0.0044531234875	-0.0469548	6.67968523125e-05	0.000704322
0.00445833182	-0.0485628	6.68749773e-05	0.000728442
0.0044635401525	-0.0501709	6.69531022875e-05	0.0007525634999999
0.004468748485	-0.0517789	6.7031227275e-05	0.0007766835
0.0044739568175	-0.0530653	6.71093522625e-05	0.0007959795
0.00447916515	-0.0546734	6.718747725e-05	0.000820101
0.0044843734825	-0.0556382	6.72656022375e-05	0.0008345729999999
0.004489581815	-0.0569246	6.7343727225e-05	0.0008538689999999
0.0044947901475	-0.0578894	6.742185221250001e-05	0.000868341
0.00449999848	-0.0585327	6.74999772e-05	0.0008779905
